Timestamp, Request ID, URI, Method, Pricing, Elapsed Time, CPU Load, Memory Load
2025-01-20 10:26:59, 11eafec6-8cb6-4b33-8333-50da24ed273a, /api/v1/auth/signin, POST, null, 815ms, CPU Load: 30.00%, Memory Load: 3.488159GB
Timestamp, Request ID, URI, Method, Pricing, Elapsed Time, CPU Load, Memory Load
2025-01-20 10:27:00, 9cf52a99-f63f-4fdd-b457-a0da856ff13f, /api/v1/pets, GET, BASIC, 100ms, CPU Load: 50.00%, Memory Load: 3.491978GB
Timestamp, Request ID, URI, Method, Pricing, Elapsed Time, CPU Load, Memory Load
2025-01-20 10:27:01, c0fb8bae-3330-4fd4-bd58-24204adfb3bb, /api/v1/pets/types, GET, BASIC, 68ms, CPU Load: 56.00%, Memory Load: 3.491978GB
Timestamp, Request ID, URI, Method, Pricing, Elapsed Time, CPU Load, Memory Load
2025-01-20 10:27:02, f397ac3d-c388-436d-9b3b-d54a3e84e949, /api/v1/pets, POST, BASIC, 386ms, CPU Load: 38.89%, Memory Load: 3.494862GB
Timestamp, Request ID, URI, Method, Pricing, Elapsed Time, CPU Load, Memory Load
2025-01-20 10:27:03, 80f11e7c-3cd2-422e-92b9-c3f989066390, /api/v1/pets, GET, BASIC, 94ms, CPU Load: 63.64%, Memory Load: 3.495583GB
Timestamp, Request ID, URI, Method, Pricing, Elapsed Time, CPU Load, Memory Load
2025-01-20 10:27:03, c3b69183-7168-44f7-a37e-f14798734d0a, /api/v1/pets/100, DELETE, BASIC, 207ms, CPU Load: 42.86%, Memory Load: 3.497025GB
Timestamp, Request ID, URI, Method, Pricing, Elapsed Time, CPU Load, Memory Load
2025-01-20 10:27:04, 0e0ecebc-5fa1-496c-aa29-1bf407037963, /api/v1/pets, GET, BASIC, 72ms, CPU Load: 52.94%, Memory Load: 3.497265GB
Timestamp, Request ID, URI, Method, Pricing, Elapsed Time, CPU Load, Memory Load
2025-01-20 10:27:22, d213973d-ea22-4393-be19-310c5f091b7a, /api/v1/auth/signin, POST, null, 236ms, CPU Load: 0.00%, Memory Load: 3.533638GB
Timestamp, Request ID, URI, Method, Pricing, Elapsed Time, CPU Load, Memory Load
2025-01-20 10:27:22, a280268b-ee14-4c14-8143-2b927e9244a5, /api/v1/pets, GET, BASIC, 68ms, CPU Load: 50.00%, Memory Load: 3.537964GB
Timestamp, Request ID, URI, Method, Pricing, Elapsed Time, CPU Load, Memory Load
2025-01-20 10:27:23, 579149cf-0fbc-4bdf-8221-3362e8bb769e, /api/v1/pets/types, GET, BASIC, 31ms, CPU Load: 54.55%, Memory Load: 3.538685GB
Timestamp, Request ID, URI, Method, Pricing, Elapsed Time, CPU Load, Memory Load
2025-01-20 10:27:24, e6c17f63-1139-4b08-a5ba-940f09769cff, /api/v1/pets, POST, BASIC, 175ms, CPU Load: 40.00%, Memory Load: 3.539139GB
Timestamp, Request ID, URI, Method, Pricing, Elapsed Time, CPU Load, Memory Load
2025-01-20 10:27:24, c8917e47-cd97-44ee-a385-eaa5efdccb5a, /api/v1/pets, GET, BASIC, 59ms, CPU Load: 53.33%, Memory Load: 3.538376GB
Timestamp, Request ID, URI, Method, Pricing, Elapsed Time, CPU Load, Memory Load
2025-01-20 10:27:25, 0a6fb0d2-5fd3-44cb-b91a-c6cb65692d39, /api/v1/pets/101, DELETE, BASIC, 131ms, CPU Load: 61.54%, Memory Load: 3.538376GB
Timestamp, Request ID, URI, Method, Pricing, Elapsed Time, CPU Load, Memory Load
2025-01-20 10:27:25, bc185974-044c-4d0d-99d2-86df056e7e2a, /api/v1/pets, GET, BASIC, 47ms, CPU Load: 50.00%, Memory Load: 3.538616GB
Timestamp, Request ID, URI, Method, Pricing, Elapsed Time, CPU Load, Memory Load
2025-01-20 10:27:39, e0148bac-7d03-4e1d-9f41-de8a4813d379, /api/v1/auth/signin, POST, null, 173ms, CPU Load: 50.00%, Memory Load: 3.532829GB
Timestamp, Request ID, URI, Method, Pricing, Elapsed Time, CPU Load, Memory Load
2025-01-20 10:27:40, d96b4ea8-71db-4244-88be-9828429e2944, /api/v1/pets, GET, BASIC, 47ms, CPU Load: 61.54%, Memory Load: 3.532829GB
Timestamp, Request ID, URI, Method, Pricing, Elapsed Time, CPU Load, Memory Load
2025-01-20 10:27:40, 8f46bc68-b121-435a-ada4-0ce684a7cf0e, /api/v1/pets/types, GET, BASIC, 39ms, CPU Load: 50.00%, Memory Load: 3.533283GB
Timestamp, Request ID, URI, Method, Pricing, Elapsed Time, CPU Load, Memory Load
2025-01-20 10:27:41, 07960cd5-2d30-496f-80d3-e5d3bbe59f17, /api/v1/pets, POST, BASIC, 153ms, CPU Load: 40.00%, Memory Load: 3.533283GB
Timestamp, Request ID, URI, Method, Pricing, Elapsed Time, CPU Load, Memory Load
2025-01-20 10:27:42, 4882792e-d5a9-41be-b540-0e8c04b7029a, /api/v1/pets, GET, BASIC, 29ms, CPU Load: 41.67%, Memory Load: 3.533283GB
Timestamp, Request ID, URI, Method, Pricing, Elapsed Time, CPU Load, Memory Load
2025-01-20 10:27:42, f6df469b-83f2-4f1a-b8bf-af3d648c09e5, /api/v1/pets/102, DELETE, BASIC, 149ms, CPU Load: 50.00%, Memory Load: 3.533283GB
Timestamp, Request ID, URI, Method, Pricing, Elapsed Time, CPU Load, Memory Load
2025-01-20 10:27:43, d0d7a16d-5932-4d7f-a99c-8ff24f49699c, /api/v1/pets, GET, BASIC, 52ms, CPU Load: 0.00%, Memory Load: 3.533524GB
Timestamp, Request ID, URI, Method, Pricing, Elapsed Time, CPU Load, Memory Load
2025-01-20 10:30:17, 9904db49-8382-4e8a-a866-0659e26f94da, /api/v1/auth/signin, POST, null, 734ms, CPU Load: 36.67%, Memory Load: 3.486958GB
Timestamp, Request ID, URI, Method, Pricing, Elapsed Time, CPU Load, Memory Load
2025-01-20 10:30:17, 441d2979-008e-4ccc-bc18-3baaad79bd1f, /api/v1/pets, GET, GOLD, 64ms, CPU Load: 50.00%, Memory Load: 3.490322GB
Timestamp, Request ID, URI, Method, Pricing, Elapsed Time, CPU Load, Memory Load
2025-01-20 10:30:18, d2ab1218-0e8c-4bd0-b0f1-6bb0c6087b4e, /api/v1/pets/types, GET, GOLD, 47ms, CPU Load: 50.00%, Memory Load: 3.490322GB
Timestamp, Request ID, URI, Method, Pricing, Elapsed Time, CPU Load, Memory Load
2025-01-20 10:30:19, e411fb12-43e2-4dc7-931c-301449924dee, /api/v1/pets, POST, GOLD, 328ms, CPU Load: 46.15%, Memory Load: 3.494888GB
Timestamp, Request ID, URI, Method, Pricing, Elapsed Time, CPU Load, Memory Load
2025-01-20 10:30:20, ba73853b-af7f-491f-bf2d-52cd6f8bace1, /api/v1/pets, GET, GOLD, 82ms, CPU Load: 50.00%, Memory Load: 3.495129GB
Timestamp, Request ID, URI, Method, Pricing, Elapsed Time, CPU Load, Memory Load
2025-01-20 10:30:20, 8e8599fe-7619-4f60-ab1b-3c12258716e8, /api/v1/pets/100, DELETE, GOLD, 185ms, CPU Load: 33.33%, Memory Load: 3.495609GB
Timestamp, Request ID, URI, Method, Pricing, Elapsed Time, CPU Load, Memory Load
2025-01-20 10:30:21, 8229e3df-f6a0-4474-a3a6-2cb499a017d1, /api/v1/pets, GET, GOLD, 54ms, CPU Load: 51.85%, Memory Load: 3.496063GB
Timestamp, Request ID, URI, Method, Pricing, Elapsed Time, CPU Load, Memory Load
2025-01-20 10:30:40, 183caed5-b056-4afb-b9d7-5cbda0e4fb32, /api/v1/auth/signin, POST, null, 209ms, CPU Load: 42.86%, Memory Load: 3.504303GB
Timestamp, Request ID, URI, Method, Pricing, Elapsed Time, CPU Load, Memory Load
2025-01-20 10:30:41, 4ba6e75a-9659-49cc-a09d-3d11db249874, /api/v1/pets, GET, GOLD, 61ms, CPU Load: 58.82%, Memory Load: 3.507908GB
Timestamp, Request ID, URI, Method, Pricing, Elapsed Time, CPU Load, Memory Load
2025-01-20 10:30:41, e4b2582f-8508-4e3d-8ea6-dbb2df7608b7, /api/v1/pets/types, GET, GOLD, 62ms, CPU Load: 64.29%, Memory Load: 3.507908GB
Timestamp, Request ID, URI, Method, Pricing, Elapsed Time, CPU Load, Memory Load
2025-01-20 10:30:42, 7d70cdc7-c124-4f5b-8258-c2441930818c, /api/v1/pets, POST, GOLD, 216ms, CPU Load: 46.15%, Memory Load: 3.508869GB
Timestamp, Request ID, URI, Method, Pricing, Elapsed Time, CPU Load, Memory Load
2025-01-20 10:30:42, d46775c3-fdb5-4f61-8d96-ea903108b006, /api/v1/pets, GET, GOLD, 76ms, CPU Load: 33.33%, Memory Load: 3.509590GB
Timestamp, Request ID, URI, Method, Pricing, Elapsed Time, CPU Load, Memory Load
2025-01-20 10:30:43, 0f9d5544-fe5f-460e-9fc4-24018b81017a, /api/v1/pets/101, DELETE, GOLD, 122ms, CPU Load: 0.00%, Memory Load: 3.509590GB
Timestamp, Request ID, URI, Method, Pricing, Elapsed Time, CPU Load, Memory Load
2025-01-20 10:30:43, b7ebe7c7-d892-469c-8503-ba53f58a26a4, /api/v1/pets, GET, GOLD, 48ms, CPU Load: 57.14%, Memory Load: 3.509830GB
Timestamp, Request ID, URI, Method, Pricing, Elapsed Time, CPU Load, Memory Load
2025-01-20 10:30:58, 86e0b74e-def3-4081-825d-a11d9f0fe888, /api/v1/auth/signin, POST, null, 230ms, CPU Load: 55.56%, Memory Load: 3.517536GB
Timestamp, Request ID, URI, Method, Pricing, Elapsed Time, CPU Load, Memory Load
2025-01-20 10:30:58, 912c1500-78ea-41e7-aa2c-9bae7e3ce759, /api/v1/pets, GET, GOLD, 42ms, CPU Load: 100.00%, Memory Load: 3.518196GB
Timestamp, Request ID, URI, Method, Pricing, Elapsed Time, CPU Load, Memory Load
2025-01-20 10:30:59, 62a9ada9-a8ee-4c4b-a1b6-456a1258140f, /api/v1/pets/types, GET, GOLD, 49ms, CPU Load: 66.67%, Memory Load: 3.518257GB
Timestamp, Request ID, URI, Method, Pricing, Elapsed Time, CPU Load, Memory Load
2025-01-20 10:31:00, 80e595d7-26c5-4811-85a1-7a38dd0483a6, /api/v1/pets, POST, GOLD, 148ms, CPU Load: 50.00%, Memory Load: 3.518978GB
Timestamp, Request ID, URI, Method, Pricing, Elapsed Time, CPU Load, Memory Load
2025-01-20 10:31:00, 6fb479c8-f408-4421-8b0e-f2a6b15c205e, /api/v1/pets, GET, GOLD, 27ms, CPU Load: 47.06%, Memory Load: 3.519218GB
Timestamp, Request ID, URI, Method, Pricing, Elapsed Time, CPU Load, Memory Load
2025-01-20 10:31:01, b909ec99-b09e-4291-b94c-216359ba5378, /api/v1/pets/102, DELETE, GOLD, 64ms, CPU Load: 48.00%, Memory Load: 3.519218GB
Timestamp, Request ID, URI, Method, Pricing, Elapsed Time, CPU Load, Memory Load
2025-01-20 10:31:01, b0fd3c9c-ac94-47fd-867b-839d372be348, /api/v1/pets, GET, GOLD, 47ms, CPU Load: 50.00%, Memory Load: 3.519218GB
Timestamp, Request ID, URI, Method, Pricing, Elapsed Time, CPU Load, Memory Load
2025-01-20 10:35:14, af40dcce-ed2b-4f60-be60-5b42c7b7b45d, /api/v1/auth/signin, POST, null, 807ms, CPU Load: 28.57%, Memory Load: 3.624332GB
Timestamp, Request ID, URI, Method, Pricing, Elapsed Time, CPU Load, Memory Load
2025-01-20 10:35:14, 90db9b33-9ee8-4a1e-b84f-670caf983b89, /api/v1/pets, GET, PLATINUM, 90ms, CPU Load: 100.00%, Memory Load: 3.626495GB
Timestamp, Request ID, URI, Method, Pricing, Elapsed Time, CPU Load, Memory Load
2025-01-20 10:35:15, d5a6d3e3-1870-49f9-baca-3b5f827e57f8, /api/v1/pets/types, GET, PLATINUM, 63ms, CPU Load: 46.15%, Memory Load: 3.626736GB
Timestamp, Request ID, URI, Method, Pricing, Elapsed Time, CPU Load, Memory Load
2025-01-20 10:35:16, 0d60ac69-5b90-416d-baac-6bd23e27d897, /api/v1/pets, POST, PLATINUM, 356ms, CPU Load: 46.67%, Memory Load: 3.633465GB
Timestamp, Request ID, URI, Method, Pricing, Elapsed Time, CPU Load, Memory Load
2025-01-20 10:35:17, ec32cd63-7d84-4430-a7b7-473493d87fb6, /api/v1/pets, GET, PLATINUM, 69ms, CPU Load: 68.75%, Memory Load: 3.633945GB
Timestamp, Request ID, URI, Method, Pricing, Elapsed Time, CPU Load, Memory Load
2025-01-20 10:35:17, f5054fad-6348-4cd3-9a4f-7405c004a359, /api/v1/pets/100, DELETE, PLATINUM, 144ms, CPU Load: 50.00%, Memory Load: 3.634186GB
Timestamp, Request ID, URI, Method, Pricing, Elapsed Time, CPU Load, Memory Load
2025-01-20 10:35:18, 35404006-9fa7-47dc-9a5e-c4595c15ffe7, /api/v1/pets, GET, PLATINUM, 49ms, CPU Load: 50.00%, Memory Load: 3.634666GB
Timestamp, Request ID, URI, Method, Pricing, Elapsed Time, CPU Load, Memory Load
2025-01-20 10:35:35, 261af419-5804-4c07-bd7b-2e40971491d7, /api/v1/auth/signin, POST, null, 247ms, CPU Load: 57.14%, Memory Load: 3.654236GB
Timestamp, Request ID, URI, Method, Pricing, Elapsed Time, CPU Load, Memory Load
2025-01-20 10:35:35, 397f94c3-fd28-48d1-896b-e588e5a485f1, /api/v1/pets, GET, PLATINUM, 41ms, CPU Load: 60.00%, Memory Load: 3.658562GB
Timestamp, Request ID, URI, Method, Pricing, Elapsed Time, CPU Load, Memory Load
2025-01-20 10:35:36, 7b35458e-f31a-4c8d-951f-6d74e0ccd60e, /api/v1/pets/types, GET, PLATINUM, 20ms, CPU Load: 50.00%, Memory Load: 3.663315GB
Timestamp, Request ID, URI, Method, Pricing, Elapsed Time, CPU Load, Memory Load
2025-01-20 10:35:37, 5cf7426e-516f-47eb-bcdd-39516668c296, /api/v1/pets, POST, PLATINUM, 190ms, CPU Load: 50.00%, Memory Load: 3.676453GB
Timestamp, Request ID, URI, Method, Pricing, Elapsed Time, CPU Load, Memory Load
2025-01-20 10:35:37, fcaf1bfc-43b1-4e34-9293-a5f89e613cb6, /api/v1/pets, GET, PLATINUM, 59ms, CPU Load: 77.42%, Memory Load: 3.756001GB
Timestamp, Request ID, URI, Method, Pricing, Elapsed Time, CPU Load, Memory Load
2025-01-20 10:35:38, b85d3531-8223-4873-ae81-a80b1a91047e, /api/v1/pets/101, DELETE, PLATINUM, 122ms, CPU Load: 100.00%, Memory Load: 3.809822GB
Timestamp, Request ID, URI, Method, Pricing, Elapsed Time, CPU Load, Memory Load
2025-01-20 10:35:38, 2fe6782f-aaa5-4601-b2e5-950689e17e39, /api/v1/pets, GET, PLATINUM, 50ms, CPU Load: 66.67%, Memory Load: 3.810036GB
Timestamp, Request ID, URI, Method, Pricing, Elapsed Time, CPU Load, Memory Load
2025-01-20 10:35:54, d4a1f931-c5e4-491e-9d50-a0d5da9a16f6, /api/v1/auth/signin, POST, null, 202ms, CPU Load: 55.56%, Memory Load: 3.789532GB
Timestamp, Request ID, URI, Method, Pricing, Elapsed Time, CPU Load, Memory Load
2025-01-20 10:35:54, 81e556ef-f693-4350-8daa-74bcf26cf4ca, /api/v1/pets, GET, PLATINUM, 51ms, CPU Load: 56.52%, Memory Load: 3.789772GB
Timestamp, Request ID, URI, Method, Pricing, Elapsed Time, CPU Load, Memory Load
2025-01-20 10:35:54, 6d94a213-34e6-459b-9b8b-84c434485e06, /api/v1/pets/types, GET, PLATINUM, 33ms, CPU Load: 57.14%, Memory Load: 3.789772GB
Timestamp, Request ID, URI, Method, Pricing, Elapsed Time, CPU Load, Memory Load
2025-01-20 10:35:55, 52c90c1b-87bf-41fc-9e0f-0894de4332d0, /api/v1/pets, POST, PLATINUM, 125ms, CPU Load: 50.00%, Memory Load: 3.789772GB
Timestamp, Request ID, URI, Method, Pricing, Elapsed Time, CPU Load, Memory Load
2025-01-20 10:35:56, b7106905-5514-4344-ac60-9e8fc5ddee7c, /api/v1/pets, GET, PLATINUM, 67ms, CPU Load: 47.37%, Memory Load: 3.789772GB
Timestamp, Request ID, URI, Method, Pricing, Elapsed Time, CPU Load, Memory Load
2025-01-20 10:35:56, 2e2220a2-0f14-40d0-93a4-52cbe83206bc, /api/v1/pets/102, DELETE, PLATINUM, 84ms, CPU Load: 33.33%, Memory Load: 3.789772GB
Timestamp, Request ID, URI, Method, Pricing, Elapsed Time, CPU Load, Memory Load
2025-01-20 10:35:56, 07a0cbd2-8576-469b-95e0-4df79dd1fc18, /api/v1/pets, GET, PLATINUM, 45ms, CPU Load: 60.71%, Memory Load: 3.788879GB
Timestamp, Request ID, URI, Method, Pricing, Elapsed Time, CPU Load, Memory Load
2025-01-20 10:41:05, fb9da36d-baeb-4030-a1f3-11b9dc9f4780, /api/v1/auth/signin, POST, null, 1067ms, CPU Load: 37.50%, Memory Load: 3.606319GB
Timestamp, Request ID, URI, Method, Pricing, Elapsed Time, CPU Load, Memory Load
2025-01-20 10:41:05, bfbafdc7-56b8-4412-adeb-2fdefde6a73d, /api/v1/pets, GET, GOLD, 76ms, CPU Load: 50.00%, Memory Load: 3.609417GB
Timestamp, Request ID, URI, Method, Pricing, Elapsed Time, CPU Load, Memory Load
2025-01-20 10:41:06, 7b69cd5b-149c-4eaa-a0d5-b583e72d6cfb, /api/v1/vets/vademecum/illnesses, GET, GOLD, 178ms, CPU Load: 42.86%, Memory Load: 3.609898GB
Timestamp, Request ID, URI, Method, Pricing, Elapsed Time, CPU Load, Memory Load
2025-01-20 10:41:30, 18cd17d5-9426-4daf-95ab-6feb4144c517, /api/v1/auth/signin, POST, null, 228ms, CPU Load: 58.33%, Memory Load: 3.638496GB
Timestamp, Request ID, URI, Method, Pricing, Elapsed Time, CPU Load, Memory Load
2025-01-20 10:41:30, ea07023a-3d93-47f4-8fd4-aae6d43c9443, /api/v1/pets, GET, GOLD, 39ms, CPU Load: 47.62%, Memory Load: 3.644024GB
Timestamp, Request ID, URI, Method, Pricing, Elapsed Time, CPU Load, Memory Load
2025-01-20 10:41:31, 12c386de-cd78-45ac-966a-65173d6657a2, /api/v1/vets/vademecum/illnesses, GET, GOLD, 102ms, CPU Load: 64.29%, Memory Load: 3.644264GB
Timestamp, Request ID, URI, Method, Pricing, Elapsed Time, CPU Load, Memory Load
2025-01-20 10:41:44, cdab87d9-deea-46ea-a107-f7870e357744, /api/v1/auth/signin, POST, null, 234ms, CPU Load: 40.00%, Memory Load: 3.638638GB
Timestamp, Request ID, URI, Method, Pricing, Elapsed Time, CPU Load, Memory Load
2025-01-20 10:41:44, 6ac5ad91-523b-45d7-8571-26e81cfcd35d, /api/v1/pets, GET, GOLD, 69ms, CPU Load: 42.86%, Memory Load: 3.639359GB
Timestamp, Request ID, URI, Method, Pricing, Elapsed Time, CPU Load, Memory Load
2025-01-20 10:41:45, c3fb50ed-ccbd-444d-8fa7-7c4323c085a1, /api/v1/vets/vademecum/illnesses, GET, GOLD, 144ms, CPU Load: 55.56%, Memory Load: 3.639599GB
Timestamp, Request ID, URI, Method, Pricing, Elapsed Time, CPU Load, Memory Load
Timestamp, Request ID, URI, Method, Pricing, Elapsed Time, CPU Load, Memory Load
2025-01-20 10:47:51, e1d2f67d-ace5-4f3f-b642-11c2dd60b569, /api/v1/auth/signin, POST, null, 228ms, CPU Load: 37.50%, Memory Load: 3.469330GB
Timestamp, Request ID, URI, Method, Pricing, Elapsed Time, CPU Load, Memory Load
2025-01-20 10:47:51, c4a36e5b-c260-4fa8-9ae5-473371071470, /api/v1/pets, GET, PLATINUM, 70ms, CPU Load: 37.50%, Memory Load: 3.469543GB
Timestamp, Request ID, URI, Method, Pricing, Elapsed Time, CPU Load, Memory Load
2025-01-20 10:47:52, 0abb81d7-d6ec-44a6-a8b3-a2d5c421b8c3, /api/v1/vets/vademecum/illnesses, GET, PLATINUM, 140ms, CPU Load: 0.00%, Memory Load: 3.469543GB
Timestamp, Request ID, URI, Method, Pricing, Elapsed Time, CPU Load, Memory Load
2025-01-20 10:48:11, 05a63acb-32b6-49b7-8131-b7153ab2bf87, /api/v1/auth/signin, POST, null, 178ms, CPU Load: 33.33%, Memory Load: 3.503208GB
Timestamp, Request ID, URI, Method, Pricing, Elapsed Time, CPU Load, Memory Load
2025-01-20 10:48:11, 93033c84-7152-40b9-8499-2e7dc6a69a1a, /api/v1/pets, GET, PLATINUM, 75ms, CPU Load: 50.00%, Memory Load: 3.503448GB
Timestamp, Request ID, URI, Method, Pricing, Elapsed Time, CPU Load, Memory Load
2025-01-20 10:48:12, e845f832-046c-426e-8e2b-8d881c2a5a1e, /api/v1/vets/vademecum/illnesses, GET, PLATINUM, 141ms, CPU Load: 52.38%, Memory Load: 3.503448GB
Timestamp, Request ID, URI, Method, Pricing, Elapsed Time, CPU Load, Memory Load
2025-01-20 10:48:24, 82a73aab-bfaa-4aa6-88cd-e663941b9b48, /api/v1/auth/signin, POST, null, 298ms, CPU Load: 44.44%, Memory Load: 3.474091GB
Timestamp, Request ID, URI, Method, Pricing, Elapsed Time, CPU Load, Memory Load
2025-01-20 10:48:25, eaa27ad3-056b-4153-abb3-80df427947c4, /api/v1/pets, GET, PLATINUM, 106ms, CPU Load: 40.00%, Memory Load: 3.474812GB
Timestamp, Request ID, URI, Method, Pricing, Elapsed Time, CPU Load, Memory Load
2025-01-20 10:48:26, 7d5523e5-daa1-417e-818d-1af60d7ae284, /api/v1/vets/vademecum/illnesses, GET, PLATINUM, 111ms, CPU Load: 58.33%, Memory Load: 3.475052GB
Timestamp, Request ID, URI, Method, Pricing, Elapsed Time, CPU Load, Memory Load
2025-01-20 10:51:08, ca0efb29-58dd-4bea-a687-cb0ae56c1b53, /api/v1/auth/signin, POST, null, 860ms, CPU Load: 37.50%, Memory Load: 3.618916GB
Timestamp, Request ID, URI, Method, Pricing, Elapsed Time, CPU Load, Memory Load
2025-01-20 10:51:08, b2ab7037-f7e1-43ec-ba37-420c4bdd0fd9, /api/v1/pets, GET, GOLD, 81ms, CPU Load: 48.28%, Memory Load: 3.621078GB
Timestamp, Request ID, URI, Method, Pricing, Elapsed Time, CPU Load, Memory Load
2025-01-20 10:51:09, 5a5c8b3c-f020-424a-a50d-06daca8b37e4, /api/v1/pets/types, GET, GOLD, 82ms, CPU Load: 47.37%, Memory Load: 3.621773GB
Timestamp, Request ID, URI, Method, Pricing, Elapsed Time, CPU Load, Memory Load
2025-01-20 10:51:10, e717dcbf-7dcd-439e-a3e9-2510074cdbf8, /api/v1/pets, POST, GOLD, 448ms, CPU Load: 52.17%, Memory Load: 3.624897GB
Timestamp, Request ID, URI, Method, Pricing, Elapsed Time, CPU Load, Memory Load
2025-01-20 10:51:11, e3b5591c-eac2-4fa7-abbd-92fba436c50f, /api/v1/pets/100, GET, GOLD, 170ms, CPU Load: 42.86%, Memory Load: 3.625378GB
Timestamp, Request ID, URI, Method, Pricing, Elapsed Time, CPU Load, Memory Load
2025-01-20 10:51:12, b83c6ed5-63aa-41ea-bcd7-1eb99fd6bb02, /api/v1/vets, GET, GOLD, 255ms, CPU Load: 50.00%, Memory Load: 3.626099GB
Timestamp, Request ID, URI, Method, Pricing, Elapsed Time, CPU Load, Memory Load
2025-01-20 10:51:13, d6146390-63ad-4134-8601-bfb2a54f1e13, /api/v1/pets/100/visits, POST, GOLD, 199ms, CPU Load: 42.86%, Memory Load: 3.625469GB
Timestamp, Request ID, URI, Method, Pricing, Elapsed Time, CPU Load, Memory Load
2025-01-20 10:51:13, a42c3cfd-b431-4b28-9289-700e6f7543f5, /api/v1/pets, GET, GOLD, 99ms, CPU Load: 52.17%, Memory Load: 3.625923GB
Timestamp, Request ID, URI, Method, Pricing, Elapsed Time, CPU Load, Memory Load
2025-01-20 10:51:14, 5160b202-c8fb-44b1-ae10-92cedc03ae8c, /api/v1/pets/100, DELETE, GOLD, 245ms, CPU Load: 50.00%, Memory Load: 3.624905GB
Timestamp, Request ID, URI, Method, Pricing, Elapsed Time, CPU Load, Memory Load
2025-01-20 10:51:14, 7f4ef0cb-1457-4266-abf0-435d32b6eb68, /api/v1/pets, GET, GOLD, 46ms, CPU Load: 41.67%, Memory Load: 3.624844GB
Timestamp, Request ID, URI, Method, Pricing, Elapsed Time, CPU Load, Memory Load
2025-01-20 10:51:28, a3996138-0e9d-467e-bf72-069876257097, /api/v1/auth/signin, POST, null, 208ms, CPU Load: 0.00%, Memory Load: 3.599953GB
Timestamp, Request ID, URI, Method, Pricing, Elapsed Time, CPU Load, Memory Load
2025-01-20 10:51:28, e106785a-4755-49c4-b52a-0f0d8a9d4a18, /api/v1/pets, GET, GOLD, 67ms, CPU Load: 56.00%, Memory Load: 3.603798GB
Timestamp, Request ID, URI, Method, Pricing, Elapsed Time, CPU Load, Memory Load
2025-01-20 10:51:29, 0643aa67-5b74-449b-bd9a-b780f9da186e, /api/v1/pets/types, GET, GOLD, 42ms, CPU Load: 52.17%, Memory Load: 3.603798GB
Timestamp, Request ID, URI, Method, Pricing, Elapsed Time, CPU Load, Memory Load
2025-01-20 10:51:30, a4323d1a-7e28-4f1c-accf-bf966b709ef8, /api/v1/pets, POST, GOLD, 246ms, CPU Load: 100.00%, Memory Load: 3.605480GB
Timestamp, Request ID, URI, Method, Pricing, Elapsed Time, CPU Load, Memory Load
2025-01-20 10:51:30, 634d723c-0967-415a-bc7d-892b8009ac4c, /api/v1/pets/151, GET, GOLD, 137ms, CPU Load: 50.00%, Memory Load: 3.605721GB
Timestamp, Request ID, URI, Method, Pricing, Elapsed Time, CPU Load, Memory Load
2025-01-20 10:51:31, a7fc87c0-fa4b-4df5-a3e9-c4bb87d3796b, /api/v1/vets, GET, GOLD, 93ms, CPU Load: 71.43%, Memory Load: 3.606441GB
Timestamp, Request ID, URI, Method, Pricing, Elapsed Time, CPU Load, Memory Load
2025-01-20 10:51:31, bc2e5f03-553b-4e97-96c3-0a2358730fcc, /api/v1/pets/151/visits, POST, GOLD, 97ms, CPU Load: 35.71%, Memory Load: 3.606441GB
Timestamp, Request ID, URI, Method, Pricing, Elapsed Time, CPU Load, Memory Load
2025-01-20 10:51:32, 3d225d20-f323-45ae-a8a1-1e439eccc2c1, /api/v1/pets, GET, GOLD, 84ms, CPU Load: 53.33%, Memory Load: 3.606682GB
Timestamp, Request ID, URI, Method, Pricing, Elapsed Time, CPU Load, Memory Load
2025-01-20 10:51:32, 79c72f3b-27b3-48cf-97d3-5ee72ce78e97, /api/v1/pets/151, DELETE, GOLD, 131ms, CPU Load: 57.14%, Memory Load: 3.606682GB
Timestamp, Request ID, URI, Method, Pricing, Elapsed Time, CPU Load, Memory Load
2025-01-20 10:51:33, 12f834a4-241b-4acf-bbc3-5f33eddff3cf, /api/v1/pets, GET, GOLD, 44ms, CPU Load: 60.87%, Memory Load: 3.606682GB
Timestamp, Request ID, URI, Method, Pricing, Elapsed Time, CPU Load, Memory Load
2025-01-20 10:51:46, 78549a28-2f9a-4dc8-bcf4-b5c5c44ca55a, /api/v1/auth/signin, POST, null, 184ms, CPU Load: 35.71%, Memory Load: 3.627258GB
Timestamp, Request ID, URI, Method, Pricing, Elapsed Time, CPU Load, Memory Load
2025-01-20 10:51:47, e6805816-df75-43a9-b693-2f5cc279a376, /api/v1/pets, GET, GOLD, 42ms, CPU Load: 40.00%, Memory Load: 3.628941GB
Timestamp, Request ID, URI, Method, Pricing, Elapsed Time, CPU Load, Memory Load
2025-01-20 10:51:47, 95631f2c-a51b-4570-a281-39ea4f60a172, /api/v1/pets/types, GET, GOLD, 56ms, CPU Load: 0.00%, Memory Load: 3.628941GB
Timestamp, Request ID, URI, Method, Pricing, Elapsed Time, CPU Load, Memory Load
2025-01-20 10:51:48, 2a0f7868-0f6c-4714-b527-5d7e5b505efa, /api/v1/pets, POST, GOLD, 206ms, CPU Load: 57.14%, Memory Load: 3.629002GB
Timestamp, Request ID, URI, Method, Pricing, Elapsed Time, CPU Load, Memory Load
2025-01-20 10:51:48, e7b8621f-20db-4e4a-a7b5-0837d0467f2c, /api/v1/pets/152, GET, GOLD, 85ms, CPU Load: 45.45%, Memory Load: 3.628941GB
Timestamp, Request ID, URI, Method, Pricing, Elapsed Time, CPU Load, Memory Load
2025-01-20 10:51:49, 9c83caa5-9755-46d3-9d33-0fe6c321e9e0, /api/v1/vets, GET, GOLD, 163ms, CPU Load: 50.00%, Memory Load: 3.629662GB
Timestamp, Request ID, URI, Method, Pricing, Elapsed Time, CPU Load, Memory Load
2025-01-20 10:51:50, 287f369b-ff1d-4162-9b64-6d76af8336ea, /api/v1/pets/152/visits, POST, GOLD, 134ms, CPU Load: 50.00%, Memory Load: 3.630623GB
Timestamp, Request ID, URI, Method, Pricing, Elapsed Time, CPU Load, Memory Load
2025-01-20 10:51:50, a5b6158f-ee68-4f20-a426-1791422feb80, /api/v1/pets, GET, GOLD, 102ms, CPU Load: 52.94%, Memory Load: 3.633987GB
Timestamp, Request ID, URI, Method, Pricing, Elapsed Time, CPU Load, Memory Load
2025-01-20 10:51:51, 7e1791e7-756c-40d3-8c85-db29fe7b967f, /api/v1/pets/152, DELETE, GOLD, 113ms, CPU Load: 50.00%, Memory Load: 3.635101GB
Timestamp, Request ID, URI, Method, Pricing, Elapsed Time, CPU Load, Memory Load
2025-01-20 10:51:51, 371ab911-50d6-428e-a3d1-e7e7ac5d4192, /api/v1/pets, GET, GOLD, 31ms, CPU Load: 53.85%, Memory Load: 3.636784GB
Timestamp, Request ID, URI, Method, Pricing, Elapsed Time, CPU Load, Memory Load
2025-01-20 10:55:05, c5581c57-cfb7-4f62-bd1b-c2d57a00ad19, /api/v1/auth/signin, POST, null, 962ms, CPU Load: 30.77%, Memory Load: 3.493755GB
Timestamp, Request ID, URI, Method, Pricing, Elapsed Time, CPU Load, Memory Load
2025-01-20 10:55:06, 623bfd9c-c13b-4959-b3a9-a6be7ccca5fa, /api/v1/pets, GET, PLATINUM, 98ms, CPU Load: 62.50%, Memory Load: 3.498322GB
Timestamp, Request ID, URI, Method, Pricing, Elapsed Time, CPU Load, Memory Load
2025-01-20 10:55:07, 6881dfd2-2894-45c4-b6a6-3f464e2949c1, /api/v1/pets/types, GET, PLATINUM, 57ms, CPU Load: 50.00%, Memory Load: 3.500244GB
Timestamp, Request ID, URI, Method, Pricing, Elapsed Time, CPU Load, Memory Load
2025-01-20 10:55:08, eadd14e4-134e-4d45-b3cf-c1b5264c105b, /api/v1/pets, POST, PLATINUM, 407ms, CPU Load: 0.00%, Memory Load: 3.511780GB
Timestamp, Request ID, URI, Method, Pricing, Elapsed Time, CPU Load, Memory Load
2025-01-20 10:55:09, 90efaf34-70c9-49b2-8209-8aac798b7f81, /api/v1/pets/100, GET, PLATINUM, 102ms, CPU Load: 50.00%, Memory Load: 3.512501GB
Timestamp, Request ID, URI, Method, Pricing, Elapsed Time, CPU Load, Memory Load
2025-01-20 10:55:09, 2d332bca-eebc-4cf6-b05d-e9637ff1d7d2, /api/v1/vets, GET, PLATINUM, 182ms, CPU Load: 46.15%, Memory Load: 3.513222GB
Timestamp, Request ID, URI, Method, Pricing, Elapsed Time, CPU Load, Memory Load
2025-01-20 10:55:10, c174380e-0d20-4724-a099-51b7f02b2f50, /api/v1/pets/100/visits, POST, PLATINUM, 208ms, CPU Load: 42.86%, Memory Load: 3.513943GB
Timestamp, Request ID, URI, Method, Pricing, Elapsed Time, CPU Load, Memory Load
2025-01-20 10:55:10, 3e965844-63ac-468f-84af-3c081adfb577, /api/v1/pets, GET, PLATINUM, 80ms, CPU Load: 40.00%, Memory Load: 3.514423GB
Timestamp, Request ID, URI, Method, Pricing, Elapsed Time, CPU Load, Memory Load
2025-01-20 10:55:11, 1cdbbb20-c46b-4d34-a9a3-43566eabad61, /api/v1/pets/100, DELETE, PLATINUM, 132ms, CPU Load: 44.44%, Memory Load: 3.515358GB
Timestamp, Request ID, URI, Method, Pricing, Elapsed Time, CPU Load, Memory Load
2025-01-20 10:55:11, ac9f8329-d6e2-46f1-99b2-c5b8eb0e61fe, /api/v1/pets, GET, PLATINUM, 52ms, CPU Load: 50.00%, Memory Load: 3.515358GB
Timestamp, Request ID, URI, Method, Pricing, Elapsed Time, CPU Load, Memory Load
2025-01-20 10:55:24, 16c27b3e-438b-49d5-9be2-4a3ef1402c75, /api/v1/auth/signin, POST, null, 247ms, CPU Load: 55.56%, Memory Load: 3.542210GB
Timestamp, Request ID, URI, Method, Pricing, Elapsed Time, CPU Load, Memory Load
2025-01-20 10:55:24, e8d9763f-79b3-4fe7-9a6e-0fb51a592536, /api/v1/pets, GET, PLATINUM, 79ms, CPU Load: 33.33%, Memory Load: 3.542450GB
Timestamp, Request ID, URI, Method, Pricing, Elapsed Time, CPU Load, Memory Load
2025-01-20 10:55:25, ed510602-473d-45c0-9fac-1f446074be0b, /api/v1/pets/types, GET, PLATINUM, 42ms, CPU Load: 47.83%, Memory Load: 3.542450GB
Timestamp, Request ID, URI, Method, Pricing, Elapsed Time, CPU Load, Memory Load
2025-01-20 10:55:26, 3edc81a4-e7b4-48ea-a83a-bbf49c84b687, /api/v1/pets, POST, PLATINUM, 181ms, CPU Load: 0.00%, Memory Load: 3.543198GB
Timestamp, Request ID, URI, Method, Pricing, Elapsed Time, CPU Load, Memory Load
2025-01-20 10:55:26, 2d5a9572-154d-463a-a396-0350123e93c3, /api/v1/pets/151, GET, PLATINUM, 48ms, CPU Load: 43.75%, Memory Load: 3.543438GB
Timestamp, Request ID, URI, Method, Pricing, Elapsed Time, CPU Load, Memory Load
2025-01-20 10:55:27, 075f1c92-8cc7-4e53-a145-ca33523fea0b, /api/v1/vets, GET, PLATINUM, 100ms, CPU Load: 56.25%, Memory Load: 3.541653GB
Timestamp, Request ID, URI, Method, Pricing, Elapsed Time, CPU Load, Memory Load
2025-01-20 10:55:27, 1946e5d3-c242-4a29-bd77-fcba8f8fa722, /api/v1/pets/151/visits, POST, PLATINUM, 78ms, CPU Load: 37.50%, Memory Load: 3.541893GB
Timestamp, Request ID, URI, Method, Pricing, Elapsed Time, CPU Load, Memory Load
2025-01-20 10:55:28, efd12932-cbb7-4e9a-94b0-5affe206b5c3, /api/v1/pets, GET, PLATINUM, 23ms, CPU Load: 46.15%, Memory Load: 3.539940GB
Timestamp, Request ID, URI, Method, Pricing, Elapsed Time, CPU Load, Memory Load
2025-01-20 10:55:28, 03305122-7d59-47a2-8816-f3615de985d6, /api/v1/pets/151, DELETE, PLATINUM, 98ms, CPU Load: 60.00%, Memory Load: 3.540180GB
Timestamp, Request ID, URI, Method, Pricing, Elapsed Time, CPU Load, Memory Load
2025-01-20 10:55:28, f67f8f1c-b4e7-4444-8b7e-02b1c79673c9, /api/v1/pets, GET, PLATINUM, 18ms, CPU Load: 42.86%, Memory Load: 3.538532GB
Timestamp, Request ID, URI, Method, Pricing, Elapsed Time, CPU Load, Memory Load
2025-01-20 10:55:42, 36e52c59-cdf5-41dc-b074-ab3c2d7eb07e, /api/v1/auth/signin, POST, null, 221ms, CPU Load: 40.00%, Memory Load: 3.546036GB
Timestamp, Request ID, URI, Method, Pricing, Elapsed Time, CPU Load, Memory Load
2025-01-20 10:55:43, cfe31c0d-2994-4998-bd95-d84643edde52, /api/v1/pets, GET, PLATINUM, 58ms, CPU Load: 57.14%, Memory Load: 3.546757GB
Timestamp, Request ID, URI, Method, Pricing, Elapsed Time, CPU Load, Memory Load
2025-01-20 10:55:43, d6056177-421f-4142-b4a9-eeb7c3503cd6, /api/v1/pets/types, GET, PLATINUM, 46ms, CPU Load: 52.94%, Memory Load: 3.547237GB
Timestamp, Request ID, URI, Method, Pricing, Elapsed Time, CPU Load, Memory Load
2025-01-20 10:55:44, 50ece703-3280-4a83-8d00-db58b24f16dd, /api/v1/pets, POST, PLATINUM, 130ms, CPU Load: 52.63%, Memory Load: 3.547756GB
Timestamp, Request ID, URI, Method, Pricing, Elapsed Time, CPU Load, Memory Load
2025-01-20 10:55:44, c1e1667e-7871-47cb-9590-f845b31c96a9, /api/v1/pets/152, GET, PLATINUM, 37ms, CPU Load: 100.00%, Memory Load: 3.544922GB
Timestamp, Request ID, URI, Method, Pricing, Elapsed Time, CPU Load, Memory Load
2025-01-20 10:55:45, eebd5652-acea-4741-b01a-3e597f6f429c, /api/v1/vets, GET, PLATINUM, 89ms, CPU Load: 63.64%, Memory Load: 3.545326GB
Timestamp, Request ID, URI, Method, Pricing, Elapsed Time, CPU Load, Memory Load
2025-01-20 10:55:45, 43bc8d41-7b58-448d-befa-22469addbfd4, /api/v1/pets/152/visits, POST, PLATINUM, 105ms, CPU Load: 100.00%, Memory Load: 3.545326GB
Timestamp, Request ID, URI, Method, Pricing, Elapsed Time, CPU Load, Memory Load
2025-01-20 10:55:46, dc91f07a-033e-437d-af16-8846bc482726, /api/v1/pets, GET, PLATINUM, 77ms, CPU Load: 43.75%, Memory Load: 3.543045GB
Timestamp, Request ID, URI, Method, Pricing, Elapsed Time, CPU Load, Memory Load
2025-01-20 10:55:46, 575463d6-ee68-40ba-adcc-d65da9a0c632, /api/v1/pets/152, DELETE, PLATINUM, 84ms, CPU Load: 100.00%, Memory Load: 3.543285GB
Timestamp, Request ID, URI, Method, Pricing, Elapsed Time, CPU Load, Memory Load
2025-01-20 10:55:46, 63138367-7983-47b1-b4b7-b6eec3e55463, /api/v1/pets, GET, PLATINUM, 30ms, CPU Load: 57.14%, Memory Load: 3.540756GB
Timestamp, Request ID, URI, Method, Pricing, Elapsed Time, CPU Load, Memory Load
2025-01-20 10:58:01, c8dabe00-6dfd-4254-ae61-25e2ff8038b6, /api/v1/auth/signin, POST, null, 761ms, CPU Load: 35.71%, Memory Load: 3.553356GB
Timestamp, Request ID, URI, Method, Pricing, Elapsed Time, CPU Load, Memory Load
2025-01-20 10:58:02, f0ab8ddc-884a-43ee-b5f3-acaeea2afff6, /api/v1/pets, GET, PLATINUM, 71ms, CPU Load: 52.63%, Memory Load: 3.554077GB
Timestamp, Request ID, URI, Method, Pricing, Elapsed Time, CPU Load, Memory Load
2025-01-20 10:58:02, 9e4171a7-eef4-46ad-8d18-d88acc07f04c, /api/v1/pets/types, GET, PLATINUM, 60ms, CPU Load: 54.17%, Memory Load: 3.554317GB
Timestamp, Request ID, URI, Method, Pricing, Elapsed Time, CPU Load, Memory Load
2025-01-20 10:58:03, 3538dd22-c43e-4bbf-bd89-42bfd3fb7598, /api/v1/pets, POST, PLATINUM, 371ms, CPU Load: 37.50%, Memory Load: 3.561501GB
Timestamp, Request ID, URI, Method, Pricing, Elapsed Time, CPU Load, Memory Load
2025-01-20 10:58:04, 08b3c8c3-e3ad-404d-b2e3-cd4d208bfc97, /api/v1/pets, GET, PLATINUM, 87ms, CPU Load: 50.00%, Memory Load: 3.561501GB
Timestamp, Request ID, URI, Method, Pricing, Elapsed Time, CPU Load, Memory Load
2025-01-20 10:58:04, 1cd9604a-2ed3-4363-8b7c-f3885e673698, /api/v1/consultations, POST, PLATINUM, 104ms, CPU Load: 42.11%, Memory Load: 3.561981GB
Timestamp, Request ID, URI, Method, Pricing, Elapsed Time, CPU Load, Memory Load
2025-01-20 10:58:05, a1a716d1-7c15-4676-8ff5-4ddeb9d7b91c, /api/v1/consultations/101/tickets, GET, PLATINUM, 77ms, CPU Load: 50.00%, Memory Load: 3.562462GB
Timestamp, Request ID, URI, Method, Pricing, Elapsed Time, CPU Load, Memory Load
2025-01-20 10:58:05, e57c393d-eca7-4407-b0d7-c25d08f3d1c8, /api/v1/consultations/101/tickets, POST, PLATINUM, 181ms, CPU Load: 39.13%, Memory Load: 3.562702GB
Timestamp, Request ID, URI, Method, Pricing, Elapsed Time, CPU Load, Memory Load
2025-01-20 10:58:06, 0c43e6ab-a36e-4a33-9d62-432b2dd7627c, /api/v1/pets, GET, PLATINUM, 54ms, CPU Load: 59.09%, Memory Load: 3.563183GB
Timestamp, Request ID, URI, Method, Pricing, Elapsed Time, CPU Load, Memory Load
2025-01-20 10:58:06, 4627ebec-66db-4b29-a6d7-85e5e3082d16, /api/v1/pets/100, DELETE, PLATINUM, 138ms, CPU Load: 25.00%, Memory Load: 3.563423GB
Timestamp, Request ID, URI, Method, Pricing, Elapsed Time, CPU Load, Memory Load
2025-01-20 10:58:06, cb75c020-4e95-4450-ba1f-ea88a25e7e98, /api/v1/pets, GET, PLATINUM, 52ms, CPU Load: 50.00%, Memory Load: 3.563663GB
Timestamp, Request ID, URI, Method, Pricing, Elapsed Time, CPU Load, Memory Load
2025-01-20 10:58:20, 44f6c601-fa8d-48d9-ae63-1b3e81c5fd2e, /api/v1/auth/signin, POST, null, 264ms, CPU Load: 66.67%, Memory Load: 3.571037GB
Timestamp, Request ID, URI, Method, Pricing, Elapsed Time, CPU Load, Memory Load
2025-01-20 10:58:20, 36bc80e7-0ea8-40e5-9c7d-b36ce5cfd311, /api/v1/pets, GET, PLATINUM, 60ms, CPU Load: 50.00%, Memory Load: 3.574883GB
Timestamp, Request ID, URI, Method, Pricing, Elapsed Time, CPU Load, Memory Load
2025-01-20 10:58:21, a0408271-1e27-4f99-8aca-bc3dce11d16c, /api/v1/pets/types, GET, PLATINUM, 39ms, CPU Load: 51.72%, Memory Load: 3.574883GB
Timestamp, Request ID, URI, Method, Pricing, Elapsed Time, CPU Load, Memory Load
2025-01-20 10:58:22, 34e899a0-4cae-48e7-a219-c75add7ee4d1, /api/v1/pets, POST, PLATINUM, 175ms, CPU Load: 0.00%, Memory Load: 3.575603GB
Timestamp, Request ID, URI, Method, Pricing, Elapsed Time, CPU Load, Memory Load
2025-01-20 10:58:22, f1150117-3d39-466c-a0d8-67d8accf081a, /api/v1/pets, GET, PLATINUM, 66ms, CPU Load: 54.55%, Memory Load: 3.575603GB
Timestamp, Request ID, URI, Method, Pricing, Elapsed Time, CPU Load, Memory Load
2025-01-20 10:58:23, c07fc896-7858-4fd2-9ea9-561489fbf01e, /api/v1/consultations, POST, PLATINUM, 88ms, CPU Load: 45.45%, Memory Load: 3.577045GB
Timestamp, Request ID, URI, Method, Pricing, Elapsed Time, CPU Load, Memory Load
2025-01-20 10:58:23, c5e32a60-b445-418f-9cce-ada9c4fab137, /api/v1/consultations/102/tickets, GET, PLATINUM, 87ms, CPU Load: 46.15%, Memory Load: 3.577766GB
Timestamp, Request ID, URI, Method, Pricing, Elapsed Time, CPU Load, Memory Load
2025-01-20 10:58:23, 0d0ac28c-6f4c-45c1-8581-f67e7cc3e6ae, /api/v1/consultations/102/tickets, POST, PLATINUM, 85ms, CPU Load: 100.00%, Memory Load: 3.577766GB
Timestamp, Request ID, URI, Method, Pricing, Elapsed Time, CPU Load, Memory Load
2025-01-20 10:58:23, d0a5de94-91c2-4a5f-bb4d-5ebf3e0ba035, /api/v1/pets, GET, PLATINUM, 80ms, CPU Load: 55.56%, Memory Load: 3.578007GB
Timestamp, Request ID, URI, Method, Pricing, Elapsed Time, CPU Load, Memory Load
2025-01-20 10:58:24, 0dde0037-fdd2-427f-bed1-36ea39bc9de3, /api/v1/pets/201, DELETE, PLATINUM, 85ms, CPU Load: 20.00%, Memory Load: 3.578308GB
Timestamp, Request ID, URI, Method, Pricing, Elapsed Time, CPU Load, Memory Load
2025-01-20 10:58:24, ffcb73b8-a8b7-49f3-a734-eceb28960e87, /api/v1/pets, GET, PLATINUM, 23ms, CPU Load: 40.00%, Memory Load: 3.578247GB
Timestamp, Request ID, URI, Method, Pricing, Elapsed Time, CPU Load, Memory Load
2025-01-20 10:58:37, ca28c53e-bbea-44cb-aa52-0b13ff8ae014, /api/v1/auth/signin, POST, null, 204ms, CPU Load: 56.52%, Memory Load: 3.561760GB
Timestamp, Request ID, URI, Method, Pricing, Elapsed Time, CPU Load, Memory Load
2025-01-20 10:58:38, 6d195622-73de-47e4-a400-5a3855782888, /api/v1/pets, GET, PLATINUM, 43ms, CPU Load: 50.00%, Memory Load: 3.563442GB
Timestamp, Request ID, URI, Method, Pricing, Elapsed Time, CPU Load, Memory Load
2025-01-20 10:58:38, 1de8418e-18c2-41b7-ba9b-013222245335, /api/v1/pets/types, GET, PLATINUM, 29ms, CPU Load: 45.45%, Memory Load: 3.563442GB
Timestamp, Request ID, URI, Method, Pricing, Elapsed Time, CPU Load, Memory Load
2025-01-20 10:58:39, 4d342399-2d1b-4d7c-a1db-647dd9d8f06b, /api/v1/pets, POST, PLATINUM, 148ms, CPU Load: 28.57%, Memory Load: 3.564163GB
Timestamp, Request ID, URI, Method, Pricing, Elapsed Time, CPU Load, Memory Load
2025-01-20 10:58:39, 3b84b176-2b97-4b09-9bfd-aa7530e30825, /api/v1/pets, GET, PLATINUM, 38ms, CPU Load: 51.72%, Memory Load: 3.564163GB
Timestamp, Request ID, URI, Method, Pricing, Elapsed Time, CPU Load, Memory Load
2025-01-20 10:58:40, 9f94bc75-9e49-492f-82a9-089e7e6e098c, /api/v1/consultations, POST, PLATINUM, 96ms, CPU Load: 56.00%, Memory Load: 3.564163GB
Timestamp, Request ID, URI, Method, Pricing, Elapsed Time, CPU Load, Memory Load
2025-01-20 10:58:40, e9bcbe92-0734-4fe8-938d-d445e276c8fc, /api/v1/consultations/103/tickets, GET, PLATINUM, 73ms, CPU Load: 46.15%, Memory Load: 3.564404GB
Timestamp, Request ID, URI, Method, Pricing, Elapsed Time, CPU Load, Memory Load
2025-01-20 10:58:40, 8cb3ba66-569f-4fc6-984e-9a3d099dd0ef, /api/v1/consultations/103/tickets, POST, PLATINUM, 134ms, CPU Load: 57.14%, Memory Load: 3.564644GB
Timestamp, Request ID, URI, Method, Pricing, Elapsed Time, CPU Load, Memory Load
2025-01-20 10:58:40, feda6a56-1b12-43a4-b2fa-e3d892f65639, /api/v1/pets, GET, PLATINUM, 72ms, CPU Load: 47.37%, Memory Load: 3.564644GB
Timestamp, Request ID, URI, Method, Pricing, Elapsed Time, CPU Load, Memory Load
2025-01-20 10:58:41, 0e37c7a6-4153-43df-b7d1-dd3754b1f8ae, /api/v1/pets/202, DELETE, PLATINUM, 99ms, CPU Load: 0.00%, Memory Load: 3.564644GB
Timestamp, Request ID, URI, Method, Pricing, Elapsed Time, CPU Load, Memory Load
2025-01-20 10:58:41, 9754e2f7-14e9-4941-a97d-3d44d25c6cce, /api/v1/pets, GET, PLATINUM, 52ms, CPU Load: 75.00%, Memory Load: 3.564884GB
